,ticker,indices
0,A,['S&P 500']
1,AADI,['Russell 2000']
2,AAL,['S&P 500']
3,AAN,['Russell 2000']
4,AAON,['Russell 2000']
5,AAP,['S&P 500']
6,AAPL,"['S&P 500', 'Nasdaq 100']"
7,AAT,['Russell 2000']
8,AAWW,['Russell 2000']
9,ABBV,['S&P 500']
10,ABC,['S&P 500']
11,ABCB,['Russell 2000']
12,ABCL,['Russell 2000']
13,ABG,['Russell 2000']
14,ABM,['Russell 2000']
15,ABMD,['S&P 500']
16,ABNB,['Nasdaq 100']
17,ABR,['Russell 2000']
18,ABSI,['Russell 2000']
19,ABT,['S&P 500']
20,ABTX,['Russell 2000']
21,ABUS,['Russell 2000']
22,AC,['Russell 2000']
23,ACA,['Russell 2000']
24,ACAD,['Russell 2000']
25,ACCD,['Russell 2000']
26,ACCO,['Russell 2000']
27,ACEL,['Russell 2000']
28,ACET,['Russell 2000']
29,ACHR,['Russell 2000']
30,ACIW,['Russell 2000']
31,ACLS,['Russell 2000']
32,ACLX,['Russell 2000']
33,ACMR,['Russell 2000']
34,ACN,['S&P 500']
35,ACNB,['Russell 2000']
36,ACRE,['Russell 2000']
37,ACRS,['Russell 2000']
38,ACT,['Russell 2000']
39,ACVA,['Russell 2000']
40,ADBE,"['S&P 500', 'Nasdaq 100']"
41,ADC,['Russell 2000']
42,ADGI,['Russell 2000']
43,ADI,"['S&P 500', 'Nasdaq 100']"
44,ADM,['S&P 500']
45,ADMA,['Russell 2000']
46,ADNT,['Russell 2000']
47,ADP,"['S&P 500', 'Nasdaq 100']"
48,ADPT,['Russell 2000']
49,ADSK,"['S&P 500', 'Nasdaq 100']"
50,ADTH,['Russell 2000']
51,ADTN,['Russell 2000']
52,ADUS,['Russell 2000']
53,ADV,['Russell 2000']
54,AEE,['S&P 500']
55,AEIS,['Russell 2000']
56,AEL,['Russell 2000']
57,AEO,['Russell 2000']
58,AEP,"['S&P 500', 'Nasdaq 100']"
59,AERI,['Russell 2000']
60,AES,['S&P 500']
61,AEVA,['Russell 2000']
62,AFCG,['Russell 2000']
63,AFL,['S&P 500']
64,AFMD,['Russell 2000']
65,AGEN,['Russell 2000']
66,AGIO,['Russell 2000']
67,AGM,['Russell 2000']
68,AGTI,['Russell 2000']
69,AGX,['Russell 2000']
70,AGYS,['Russell 2000']
71,AHCO,['Russell 2000']
72,AHH,['Russell 2000']
73,AHT,['Russell 2000']
74,AI,['Russell 2000']
75,AIG,['S&P 500']
76,AIMC,['Russell 2000']
77,AIN,['Russell 2000']
78,AIP,['Russell 2000']
79,AIR,['Russell 2000']
80,AIRS,['Russell 2000']
81,AIT,['Russell 2000']
82,AIV,['Russell 2000']
83,AIZ,['S&P 500']
84,AJG,['S&P 500']
85,AJRD,['Russell 2000']
86,AKA,['Russell 2000']
87,AKAM,['S&P 500']
88,AKR,['Russell 2000']
89,AKRO,['Russell 2000']
90,AKTS,['Russell 2000']
91,AKYA,['Russell 2000']
92,ALB,['S&P 500']
93,ALBO,['Russell 2000']
94,ALCO,['Russell 2000']
95,ALE,['Russell 2000']
96,ALEC,['Russell 2000']
97,ALEX,['Russell 2000']
98,ALG,['Russell 2000']
99,ALGN,"['S&P 500', 'Nasdaq 100']"
100,ALGT,['Russell 2000']
101,ALHC,['Russell 2000']
102,ALIT,['Russell 2000']
103,ALK,['S&P 500']
104,ALKS,['Russell 2000']
105,ALKT,['Russell 2000']
106,ALL,['S&P 500']
107,ALLE,['S&P 500']
108,ALLO,['Russell 2000']
109,ALPN,['Russell 2000']
110,ALRM,['Russell 2000']
111,ALRS,['Russell 2000']
112,ALTG,['Russell 2000']
113,ALTO,['Russell 2000']
114,ALTR,['Russell 2000']
115,ALVR,['Russell 2000']
116,ALX,['Russell 2000']
117,ALXO,['Russell 2000']
118,AMAL,['Russell 2000']
119,AMAT,"['S&P 500', 'Nasdaq 100']"
120,AMBA,['Russell 2000']
121,AMBC,['Russell 2000']
122,AMCR,['S&P 500']
123,AMCX,['Russell 2000']
124,AMD,"['S&P 500', 'Nasdaq 100']"
125,AME,['S&P 500']
126,AMEH,['Russell 2000']
127,AMGN,"['S&P 500', 'Nasdaq 100']"
128,AMK,['Russell 2000']
129,AMKR,['Russell 2000']
130,AMLX,['Russell 2000']
131,AMN,['Russell 2000']
132,AMNB,['Russell 2000']
133,AMOT,['Russell 2000']
134,AMP,['S&P 500']
135,AMPH,['Russell 2000']
136,AMPL,['Russell 2000']
137,AMPS,['Russell 2000']
138,AMPY,['Russell 2000']
139,AMR,['Russell 2000']
140,AMRC,['Russell 2000']
141,AMRK,['Russell 2000']
142,AMRS,['Russell 2000']
143,AMRX,['Russell 2000']
144,AMSF,['Russell 2000']
145,AMSWA,['Russell 2000']
146,AMT,['S&P 500']
147,AMTB,['Russell 2000']
148,AMTX,['Russell 2000']
149,AMWD,['Russell 2000']
150,AMWL,['Russell 2000']
151,AMZN,"['S&P 500', 'Nasdaq 100']"
152,ANAB,['Russell 2000']
153,ANDE,['Russell 2000']
154,ANET,['S&P 500']
155,ANF,['Russell 2000']
156,ANGO,['Russell 2000']
157,ANIK,['Russell 2000']
158,ANIP,['Russell 2000']
159,ANSS,"['S&P 500', 'Nasdaq 100']"
160,ANTX,['Russell 2000']
161,AOMR,['Russell 2000']
162,AON,['S&P 500']
163,AORT,['Russell 2000']
164,AOS,['S&P 500']
165,AOSL,['Russell 2000']
166,APA,['S&P 500']
167,APAM,['Russell 2000']
168,APD,['S&P 500']
169,APEI,['Russell 2000']
170,APG,['Russell 2000']
171,APH,['S&P 500']
172,APLD,['Russell 2000']
173,APLE,['Russell 2000']
174,APLS,['Russell 2000']
175,APOG,['Russell 2000']
176,APPF,['Russell 2000']
177,APPH,['Russell 2000']
178,APPN,['Russell 2000']
179,APPS,['Russell 2000']
180,APTV,['S&P 500']
181,AQUA,['Russell 2000']
182,ARCB,['Russell 2000']
183,ARCH,['Russell 2000']
184,ARCT,['Russell 2000']
185,ARE,['S&P 500']
186,AREN,['Russell 2000']
187,ARGO,['Russell 2000']
188,ARI,['Russell 2000']
189,ARIS,['Russell 2000']
190,ARKO,['Russell 2000']
191,ARL,['Russell 2000']
192,ARLO,['Russell 2000']
193,ARNC,['Russell 2000']
194,AROC,['Russell 2000']
195,AROW,['Russell 2000']
196,ARQT,['Russell 2000']
197,ARR,['Russell 2000']
198,ARRY,['Russell 2000']
199,ARTNA,['Russell 2000']
200,ARVN,['Russell 2000']
201,ARWR,['Russell 2000']
202,ASAN,['Russell 2000']
203,ASB,['Russell 2000']
204,ASC,['Russell 2000']
205,ASGN,['Russell 2000']
206,ASIX,['Russell 2000']
207,ASLE,['Russell 2000']
208,ASML,['Nasdaq 100']
209,ASO,['Russell 2000']
210,ASPN,['Russell 2000']
211,ASTE,['Russell 2000']
212,ASTR,['Russell 2000']
213,ATCX,['Russell 2000']
214,ATEC,['Russell 2000']
215,ATEN,['Russell 2000']
216,ATER,['Russell 2000']
217,ATEX,['Russell 2000']
218,ATGE,['Russell 2000']
219,ATHA,['Russell 2000']
220,ATI,['Russell 2000']
221,ATIP,['Russell 2000']
222,ATKR,['Russell 2000']
223,ATLC,['Russell 2000']
224,ATNI,['Russell 2000']
225,ATO,['S&P 500']
226,ATOM,['Russell 2000']
227,ATRA,['Russell 2000']
228,ATRC,['Russell 2000']
229,ATRI,['Russell 2000']
230,ATRO,['Russell 2000']
231,ATSG,['Russell 2000']
232,ATVI,"['S&P 500', 'Nasdaq 100']"
233,AUB,['Russell 2000']
234,AUD,['Russell 2000']
235,AUPH,['Russell 2000']
236,AURA,['Russell 2000']
237,AVA,['Russell 2000']
238,AVAH,['Russell 2000']
239,AVAV,['Russell 2000']
240,AVB,['S&P 500']
241,AVD,['Russell 2000']
242,AVDX,['Russell 2000']
243,AVGO,"['S&P 500', 'Nasdaq 100']"
244,AVID,['Russell 2000']
245,AVIR,['Russell 2000']
246,AVNS,['Russell 2000']
247,AVNT,['Russell 2000']
248,AVNW,['Russell 2000']
249,AVO,['Russell 2000']
250,AVPT,['Russell 2000']
251,AVTE,['Russell 2000']
252,AVXL,['Russell 2000']
253,AVY,['S&P 500']
254,AVYA,['Russell 2000']
255,AWK,['S&P 500']
256,AWR,['Russell 2000']
257,AX,['Russell 2000']
258,AXGN,['Russell 2000']
259,AXL,['Russell 2000']
260,AXNX,['Russell 2000']
261,AXP,['S&P 500']
262,AXSM,['Russell 2000']
263,AXTI,['Russell 2000']
264,AZN,['Nasdaq 100']
265,AZO,['S&P 500']
266,AZZ,['Russell 2000']
267,B,['Russell 2000']
268,BA,['S&P 500']
269,BAC,['S&P 500']
270,BALL,['S&P 500']
271,BALY,['Russell 2000']
272,BANC,['Russell 2000']
273,BAND,['Russell 2000']
274,BANF,['Russell 2000']
275,BANR,['Russell 2000']
276,BARK,['Russell 2000']
277,BASE,['Russell 2000']
278,BATL,['Russell 2000']
279,BATRA,['Russell 2000']
280,BATRK,['Russell 2000']
281,BAX,['S&P 500']
282,BBBY,['Russell 2000']
283,BBCP,['Russell 2000']
284,BBIG,['Russell 2000']
285,BBIO,['Russell 2000']
286,BBLN,['Russell 2000']
287,BBSI,['Russell 2000']
288,BBUC,['Russell 2000']
289,BBW,['Russell 2000']
290,BBWI,['S&P 500']
291,BBY,['S&P 500']
292,BCBP,['Russell 2000']
293,BCC,['Russell 2000']
294,BCML,['Russell 2000']
295,BCO,['Russell 2000']
296,BCOR,['Russell 2000']
297,BCOV,['Russell 2000']
298,BCPC,['Russell 2000']
299,BCRX,['Russell 2000']
300,BDC,['Russell 2000']
301,BDN,['Russell 2000']
302,BDX,['S&P 500']
303,BE,['Russell 2000']
304,BEAM,['Russell 2000']
305,BECN,['Russell 2000']
306,BEN,['S&P 500']
307,BF-B,['S&P 500']
308,BFC,['Russell 2000']
309,BFH,['Russell 2000']
310,BFLY,['Russell 2000']
311,BFS,['Russell 2000']
312,BFST,['Russell 2000']
313,BGCP,['Russell 2000']
314,BGFV,['Russell 2000']
315,BGRY,['Russell 2000']
316,BGS,['Russell 2000']
317,BH,['Russell 2000']
318,BHB,['Russell 2000']
319,BHE,['Russell 2000']
320,BHG,['Russell 2000']
321,BHIL,['Russell 2000']
322,BHLB,['Russell 2000']
323,BHR,['Russell 2000']
324,BHVN,['Russell 2000']
325,BIDU,['Nasdaq 100']
326,BIG,['Russell 2000']
327,BIGC,['Russell 2000']
328,BIIB,"['S&P 500', 'Nasdaq 100']"
329,BIO,['S&P 500']
330,BIPC,['Russell 2000']
331,BIRD,['Russell 2000']
332,BJRI,['Russell 2000']
333,BK,['S&P 500']
334,BKD,['Russell 2000']
335,BKE,['Russell 2000']
336,BKH,['Russell 2000']
337,BKKT,['Russell 2000']
338,BKNG,"['S&P 500', 'Nasdaq 100']"
339,BKR,['S&P 500']
340,BKU,['Russell 2000']
341,BL,['Russell 2000']
342,BLBD,['Russell 2000']
343,BLDE,['Russell 2000']
344,BLFS,['Russell 2000']
345,BLFY,['Russell 2000']
346,BLI,['Russell 2000']
347,BLK,['S&P 500']
348,BLKB,['Russell 2000']
349,BLMN,['Russell 2000']
350,BLND,['Russell 2000']
351,BLNK,['Russell 2000']
352,BLUE,['Russell 2000']
353,BLX,['Russell 2000']
354,BMBL,['Russell 2000']
355,BMI,['Russell 2000']
356,BMRC,['Russell 2000']
357,BMY,['S&P 500']
358,BNFT,['Russell 2000']
359,BNGO,['Russell 2000']
360,BNL,['Russell 2000']
361,BOC,['Russell 2000']
362,BODY,['Russell 2000']
363,BOOM,['Russell 2000']
364,BOOT,['Russell 2000']
365,BORR,['Russell 2000']
366,BOWL,['Russell 2000']
367,BOX,['Russell 2000']
368,BOXD,['Russell 2000']
369,BPMC,['Russell 2000']
370,BR,['S&P 500']
371,BRBR,['Russell 2000']
372,BRBS,['Russell 2000']
373,BRC,['Russell 2000']
374,BRCC,['Russell 2000']
375,BRDS,['Russell 2000']
376,BRG,['Russell 2000']
377,BRK-B,['S&P 500']
378,BRKL,['Russell 2000']
379,BRMK,['Russell 2000']
380,BRO,['S&P 500']
381,BRP,['Russell 2000']
382,BRSP,['Russell 2000']
383,BRT,['Russell 2000']
384,BRY,['Russell 2000']
385,BSIG,['Russell 2000']
386,BSRR,['Russell 2000']
387,BSX,['S&P 500']
388,BTAI,['Russell 2000']
389,BTRS,['Russell 2000']
390,BTU,['Russell 2000']
391,BUSE,['Russell 2000']
392,BV,['Russell 2000']
393,BVH,['Russell 2000']
394,BVS,['Russell 2000']
395,BW,['Russell 2000']
396,BWA,['S&P 500']
397,BWB,['Russell 2000']
398,BWFG,['Russell 2000']
399,BXC,['Russell 2000']
400,BXMT,['Russell 2000']
401,BXP,['S&P 500']
402,BY,['Russell 2000']
403,BYND,['Russell 2000']
404,BZH,['Russell 2000']
405,C,['S&P 500']
406,CAC,['Russell 2000']
407,CADE,['Russell 2000']
408,CAG,['S&P 500']
409,CAH,['S&P 500']
410,CAKE,['Russell 2000']
411,CAL,['Russell 2000']
412,CALM,['Russell 2000']
413,CALX,['Russell 2000']
414,CANO,['Russell 2000']
415,CARA,['Russell 2000']
416,CARE,['Russell 2000']
417,CARG,['Russell 2000']
418,CARR,['S&P 500']
419,CARS,['Russell 2000']
420,CASA,['Russell 2000']
421,CASH,['Russell 2000']
422,CASS,['Russell 2000']
423,CAT,['S&P 500']
424,CATC,['Russell 2000']
425,CATO,['Russell 2000']
426,CATY,['Russell 2000']
427,CB,['S&P 500']
428,CBAN,['Russell 2000']
429,CBL,['Russell 2000']
430,CBNK,['Russell 2000']
431,CBOE,['S&P 500']
432,CBRE,['S&P 500']
433,CBRL,['Russell 2000']
434,CBT,['Russell 2000']
435,CBTX,['Russell 2000']
436,CBU,['Russell 2000']
437,CBZ,['Russell 2000']
438,CCB,['Russell 2000']
439,CCBG,['Russell 2000']
440,CCCC,['Russell 2000']
441,CCF,['Russell 2000']
442,CCI,['S&P 500']
443,CCL,['S&P 500']
444,CCMP,['Russell 2000']
445,CCNE,['Russell 2000']
446,CCO,['Russell 2000']
447,CCOI,['Russell 2000']
448,CCRN,['Russell 2000']
449,CCS,['Russell 2000']
450,CCSI,['Russell 2000']
451,CCXI,['Russell 2000']
452,CDAY,['S&P 500']
453,CDE,['Russell 2000']
454,CDEV,['Russell 2000']
455,CDLX,['Russell 2000']
456,CDMO,['Russell 2000']
457,CDNA,['Russell 2000']
458,CDNS,"['S&P 500', 'Nasdaq 100']"
459,CDR,['Russell 2000']
460,CDRE,['Russell 2000']
461,CDW,['S&P 500']
462,CDXS,['Russell 2000']
463,CE,['S&P 500']
464,CEG,"['S&P 500', 'Nasdaq 100']"
465,CEIX,['Russell 2000']
466,CELH,['Russell 2000']
467,CELU,['Russell 2000']
468,CENN,['Russell 2000']
469,CENT,['Russell 2000']
470,CENTA,['Russell 2000']
471,CENX,['Russell 2000']
472,CERE,['Russell 2000']
473,CERS,['Russell 2000']
474,CEVA,['Russell 2000']
475,CF,['S&P 500']
476,CFB,['Russell 2000']
477,CFFN,['Russell 2000']
478,CFG,['S&P 500']
479,CGEM,['Russell 2000']
480,CHCO,['Russell 2000']
481,CHCT,['Russell 2000']
482,CHD,['S&P 500']
483,CHEF,['Russell 2000']
484,CHGG,['Russell 2000']
485,CHRS,['Russell 2000']
486,CHRW,['S&P 500']
487,CHS,['Russell 2000']
488,CHTR,"['S&P 500', 'Nasdaq 100']"
489,CHUY,['Russell 2000']
490,CHX,['Russell 2000']
491,CI,['S&P 500']
492,CIFR,['Russell 2000']
493,CIM,['Russell 2000']
494,CINC,['Russell 2000']
495,CINF,['S&P 500']
496,CIO,['Russell 2000']
497,CIR,['Russell 2000']
498,CISO,['Russell 2000']
499,CIVB,['Russell 2000']
500,CIVI,['Russell 2000']
501,CIX,['Russell 2000']
502,CL,['S&P 500']
503,CLAR,['Russell 2000']
504,CLBK,['Russell 2000']
505,CLDT,['Russell 2000']
506,CLDX,['Russell 2000']
507,CLFD,['Russell 2000']
508,CLNE,['Russell 2000']
509,CLOV,['Russell 2000']
510,CLPR,['Russell 2000']
511,CLSK,['Russell 2000']
512,CLW,['Russell 2000']
513,CLX,['S&P 500']
514,CMA,['S&P 500']
515,CMAX,['Russell 2000']
516,CMBM,['Russell 2000']
517,CMC,['Russell 2000']
518,CMCO,['Russell 2000']
519,CMCSA,"['S&P 500', 'Nasdaq 100']"
520,CME,['S&P 500']
521,CMG,['S&P 500']
522,CMI,['S&P 500']
523,CMLS,['Russell 2000']
524,CMP,['Russell 2000']
525,CMPO,['Russell 2000']
526,CMPR,['Russell 2000']
527,CMRE,['Russell 2000']
528,CMRX,['Russell 2000']
529,CMS,['S&P 500']
530,CMTG,['Russell 2000']
531,CMTL,['Russell 2000']
532,CNC,['S&P 500']
533,CNDT,['Russell 2000']
534,CNK,['Russell 2000']
535,CNMD,['Russell 2000']
536,CNNE,['Russell 2000']
537,CNO,['Russell 2000']
538,CNOB,['Russell 2000']
539,CNP,['S&P 500']
540,CNR,['Russell 2000']
541,CNS,['Russell 2000']
542,CNSL,['Russell 2000']
543,CNTY,['Russell 2000']
544,CNVY,['Russell 2000']
545,CNX,['Russell 2000']
546,CNXN,['Russell 2000']
547,COCO,['Russell 2000']
548,CODI,['Russell 2000']
549,COF,['S&P 500']
550,COGT,['Russell 2000']
551,COHU,['Russell 2000']
552,COKE,['Russell 2000']
553,COLB,['Russell 2000']
554,COLL,['Russell 2000']
555,COMM,['Russell 2000']
556,COMP,['Russell 2000']
557,CONN,['Russell 2000']
558,COO,['S&P 500']
559,COOK,['Russell 2000']
560,COOP,['Russell 2000']
561,COP,['S&P 500']
562,CORT,['Russell 2000']
563,CORZ,['Russell 2000']
564,COST,"['S&P 500', 'Nasdaq 100']"
565,COUR,['Russell 2000']
566,COWN,['Russell 2000']
567,CPB,['S&P 500']
568,CPE,['Russell 2000']
569,CPF,['Russell 2000']
570,CPK,['Russell 2000']
571,CPRT,"['S&P 500', 'Nasdaq 100']"
572,CPRX,['Russell 2000']
573,CPSI,['Russell 2000']
574,CPSS,['Russell 2000']
575,CPT,['S&P 500']
576,CPTN,['Russell 2000']
577,CRAI,['Russell 2000']
578,CRBU,['Russell 2000']
579,CRC,['Russell 2000']
580,CRD-A,['Russell 2000']
581,CRDO,['Russell 2000']
582,CRGE,['Russell 2000']
583,CRGY,['Russell 2000']
584,CRK,['Russell 2000']
585,CRL,['S&P 500']
586,CRM,['S&P 500']
587,CRMT,['Russell 2000']
588,CRNC,['Russell 2000']
589,CRNX,['Russell 2000']
590,CROX,['Russell 2000']
591,CRS,['Russell 2000']
592,CRSR,['Russell 2000']
593,CRVL,['Russell 2000']
594,CRWD,['Nasdaq 100']
595,CSCO,"['S&P 500', 'Nasdaq 100']"
596,CSGS,['Russell 2000']
597,CSII,['Russell 2000']
598,CSR,['Russell 2000']
599,CSTE,['Russell 2000']
600,CSTL,['Russell 2000']
601,CSTM,['Russell 2000']
602,CSTR,['Russell 2000']
603,CSV,['Russell 2000']
604,CSWI,['Russell 2000']
605,CSX,"['S&P 500', 'Nasdaq 100']"
606,CTAS,"['S&P 500', 'Nasdaq 100']"
607,CTBI,['Russell 2000']
608,CTIC,['Russell 2000']
609,CTKB,['Russell 2000']
610,CTLP,['Russell 2000']
611,CTLT,['S&P 500']
612,CTO,['Russell 2000']
613,CTOS,['Russell 2000']
614,CTRA,['S&P 500']
615,CTRE,['Russell 2000']
616,CTRN,['Russell 2000']
617,CTS,['Russell 2000']
618,CTSH,"['S&P 500', 'Nasdaq 100']"
619,CTT,['Russell 2000']
620,CTV,['Russell 2000']
621,CTVA,['S&P 500']
622,CTXS,['S&P 500']
623,CUBI,['Russell 2000']
624,CURO,['Russell 2000']
625,CURV,['Russell 2000']
626,CUTR,['Russell 2000']
627,CVBF,['Russell 2000']
628,CVCO,['Russell 2000']
629,CVET,['Russell 2000']
630,CVGW,['Russell 2000']
631,CVI,['Russell 2000']
632,CVLG,['Russell 2000']
633,CVLT,['Russell 2000']
634,CVS,['S&P 500']
635,CVT,['Russell 2000']
636,CVX,['S&P 500']
637,CWEN,['Russell 2000']
638,CWEN-A,['Russell 2000']
639,CWH,['Russell 2000']
640,CWK,['Russell 2000']
641,CWST,['Russell 2000']
642,CWT,['Russell 2000']
643,CXW,['Russell 2000']
644,CYBE,['Russell 2000']
645,CYH,['Russell 2000']
646,CYRX,['Russell 2000']
647,CYTK,['Russell 2000']
648,CYXT,['Russell 2000']
649,CZNC,['Russell 2000']
650,CZR,['S&P 500']
651,D,['S&P 500']
652,DAL,['S&P 500']
653,DAN,['Russell 2000']
654,DAWN,['Russell 2000']
655,DBD,['Russell 2000']
656,DBI,['Russell 2000']
657,DBRG,['Russell 2000']
658,DC,['Russell 2000']
659,DCGO,['Russell 2000']
660,DCO,['Russell 2000']
661,DCOM,['Russell 2000']
662,DCPH,['Russell 2000']
663,DCT,['Russell 2000']
664,DD,['S&P 500']
665,DDD,['Russell 2000']
666,DDOG,['Nasdaq 100']
667,DDS,['Russell 2000']
668,DE,['S&P 500']
669,DEA,['Russell 2000']
670,DEN,['Russell 2000']
671,DENN,['Russell 2000']
672,DFH,['Russell 2000']
673,DFIN,['Russell 2000']
674,DFS,['S&P 500']
675,DG,['S&P 500']
676,DGICA,['Russell 2000']
677,DGII,['Russell 2000']
678,DGX,['S&P 500']
679,DHC,['Russell 2000']
680,DHI,['S&P 500']
681,DHIL,['Russell 2000']
682,DHR,['S&P 500']
683,DHT,['Russell 2000']
684,DHX,['Russell 2000']
685,DIBS,['Russell 2000']
686,DICE,['Russell 2000']
687,DIN,['Russell 2000']
688,DIOD,['Russell 2000']
689,DIS,['S&P 500']
690,DISH,['S&P 500']
691,DJCO,['Russell 2000']
692,DK,['Russell 2000']
693,DLR,['S&P 500']
694,DLTH,['Russell 2000']
695,DLTR,"['S&P 500', 'Nasdaq 100']"
696,DLX,['Russell 2000']
697,DM,['Russell 2000']
698,DMRC,['Russell 2000']
699,DNLI,['Russell 2000']
700,DNMR,['Russell 2000']
701,DNOW,['Russell 2000']
702,DNUT,['Russell 2000']
703,DO,['Russell 2000']
704,DOC,['Russell 2000']
705,DOCN,['Russell 2000']
706,DOCU,['Nasdaq 100']
707,DOMA,['Russell 2000']
708,DOMO,['Russell 2000']
709,DOOR,['Russell 2000']
710,DORM,['Russell 2000']
711,DOUG,['Russell 2000']
712,DOV,['S&P 500']
713,DOW,['S&P 500']
714,DPZ,['S&P 500']
715,DRE,['S&P 500']
716,DRH,['Russell 2000']
717,DRI,['S&P 500']
718,DRQ,['Russell 2000']
719,DSEY,['Russell 2000']
720,DSGN,['Russell 2000']
721,DSGR,['Russell 2000']
722,DSKE,['Russell 2000']
723,DSP,['Russell 2000']
724,DTC,['Russell 2000']
725,DTE,['S&P 500']
726,DUK,['S&P 500']
727,DUOL,['Russell 2000']
728,DVA,['S&P 500']
729,DVAX,['Russell 2000']
730,DVN,['S&P 500']
731,DX,['Russell 2000']
732,DXC,['S&P 500']
733,DXCM,"['S&P 500', 'Nasdaq 100']"
734,DXLG,['Russell 2000']
735,DXPE,['Russell 2000']
736,DY,['Russell 2000']
737,DYN,['Russell 2000']
738,DZSI,['Russell 2000']
739,EA,"['S&P 500', 'Nasdaq 100']"
740,EAF,['Russell 2000']
741,EAT,['Russell 2000']
742,EB,['Russell 2000']
743,EBAY,"['S&P 500', 'Nasdaq 100']"
744,EBC,['Russell 2000']
745,EBF,['Russell 2000']
746,EBIX,['Russell 2000']
747,EBS,['Russell 2000']
748,EBTC,['Russell 2000']
749,ECL,['S&P 500']
750,ECOM,['Russell 2000']
751,ECPG,['Russell 2000']
752,ECVT,['Russell 2000']
753,ED,['S&P 500']
754,EDIT,['Russell 2000']
755,EE,['Russell 2000']
756,EFC,['Russell 2000']
757,EFSC,['Russell 2000']
758,EFX,['S&P 500']
759,EGAN,['Russell 2000']
760,EGBN,['Russell 2000']
761,EGHT,['Russell 2000']
762,EGIO,['Russell 2000']
763,EGLE,['Russell 2000']
764,EGRX,['Russell 2000']
765,EGY,['Russell 2000']
766,EHTH,['Russell 2000']
767,EIG,['Russell 2000']
768,EIGR,['Russell 2000']
769,EIX,['S&P 500']
770,EL,['S&P 500']
771,ELF,['Russell 2000']
772,ELV,['S&P 500']
773,ELY,['Russell 2000']
774,EMBC,['Russell 2000']
775,EME,['Russell 2000']
776,EMN,['S&P 500']
777,EMR,['S&P 500']
778,ENDP,['Russell 2000']
779,ENFN,['Russell 2000']
780,ENOB,['Russell 2000']
781,ENPH,['S&P 500']
782,ENR,['Russell 2000']
783,ENS,['Russell 2000']
784,ENSG,['Russell 2000']
785,ENTA,['Russell 2000']
786,ENV,['Russell 2000']
787,ENVA,['Russell 2000']
788,ENVX,['Russell 2000']
789,EOG,['S&P 500']
790,EOLS,['Russell 2000']
791,EP,['Russell 2000']
792,EPAC,['Russell 2000']
793,EPAM,['S&P 500']
794,EPC,['Russell 2000']
795,EPRT,['Russell 2000']
796,EQBK,['Russell 2000']
797,EQC,['Russell 2000']
798,EQIX,['S&P 500']
799,EQR,['S&P 500']
800,EQRX,['Russell 2000']
801,ERAS,['Russell 2000']
802,ERII,['Russell 2000']
803,ES,['S&P 500']
804,ESE,['Russell 2000']
805,ESGR,['Russell 2000']
806,ESMT,['Russell 2000']
807,ESNT,['Russell 2000']
808,ESPR,['Russell 2000']
809,ESQ,['Russell 2000']
810,ESRT,['Russell 2000']
811,ESS,['S&P 500']
812,ESTE,['Russell 2000']
813,ETD,['Russell 2000']
814,ETN,['S&P 500']
815,ETR,['S&P 500']
816,ETRN,['Russell 2000']
817,ETSY,['S&P 500']
818,ETWO,['Russell 2000']
819,EVBG,['Russell 2000']
820,EVC,['Russell 2000']
821,EVCM,['Russell 2000']
822,EVER,['Russell 2000']
823,EVGO,['Russell 2000']
824,EVH,['Russell 2000']
825,EVLV,['Russell 2000']
826,EVOP,['Russell 2000']
827,EVRG,['S&P 500']
828,EVRI,['Russell 2000']
829,EVTC,['Russell 2000']
830,EW,['S&P 500']
831,EWCZ,['Russell 2000']
832,EWTX,['Russell 2000']
833,EXC,"['S&P 500', 'Nasdaq 100']"
834,EXLS,['Russell 2000']
835,EXPD,['S&P 500']
836,EXPE,['S&P 500']
837,EXPI,['Russell 2000']
838,EXPO,['Russell 2000']
839,EXPR,['Russell 2000']
840,EXR,['S&P 500']
841,EXTR,['Russell 2000']
842,EYE,['Russell 2000']
843,EYPT,['Russell 2000']
844,EZPW,['Russell 2000']
845,F,['S&P 500']
846,FA,['Russell 2000']
847,FANG,['S&P 500']
848,FARO,['Russell 2000']
849,FAST,"['S&P 500', 'Nasdaq 100']"
850,FATE,['Russell 2000']
851,FATH,['Russell 2000']
852,FBC,['Russell 2000']
853,FBHS,['S&P 500']
854,FBIZ,['Russell 2000']
855,FBK,['Russell 2000']
856,FBMS,['Russell 2000']
857,FBNC,['Russell 2000']
858,FBP,['Russell 2000']
859,FBRT,['Russell 2000']
860,FC,['Russell 2000']
861,FCBC,['Russell 2000']
862,FCEL,['Russell 2000']
863,FCF,['Russell 2000']
864,FCFS,['Russell 2000']
865,FCPT,['Russell 2000']
866,FCUV,['Russell 2000']
867,FCX,['S&P 500']
868,FDMT,['Russell 2000']
869,FDP,['Russell 2000']
870,FDS,['S&P 500']
871,FDX,['S&P 500']
872,FE,['S&P 500']
873,FEAM,['Russell 2000']
874,FELE,['Russell 2000']
875,FF,['Russell 2000']
876,FFBC,['Russell 2000']
877,FFIC,['Russell 2000']
878,FFIE,['Russell 2000']
879,FFIN,['Russell 2000']
880,FFIV,['S&P 500']
881,FFWM,['Russell 2000']
882,FGBI,['Russell 2000']
883,FGEN,['Russell 2000']
884,FHI,['Russell 2000']
885,FHTX,['Russell 2000']
886,FIBK,['Russell 2000']
887,FIGS,['Russell 2000']
888,FIS,['S&P 500']
889,FISI,['Russell 2000']
890,FISV,"['S&P 500', 'Nasdaq 100']"
891,FITB,['S&P 500']
892,FIX,['Russell 2000']
893,FIZZ,['Russell 2000']
894,FL,['Russell 2000']
895,FLGT,['Russell 2000']
896,FLIC,['Russell 2000']
897,FLL,['Russell 2000']
898,FLNC,['Russell 2000']
899,FLNG,['Russell 2000']
900,FLR,['Russell 2000']
901,FLT,['S&P 500']
902,FLWS,['Russell 2000']
903,FLYW,['Russell 2000']
904,FMAO,['Russell 2000']
905,FMBH,['Russell 2000']
906,FMC,['S&P 500']
907,FMNB,['Russell 2000']
908,FMTX,['Russell 2000']
909,FN,['Russell 2000']
910,FNA,['Russell 2000']
911,FNKO,['Russell 2000']
912,FNLC,['Russell 2000']
913,FOA,['Russell 2000']
914,FOCS,['Russell 2000']
915,FOLD,['Russell 2000']
916,FOR,['Russell 2000']
917,FORM,['Russell 2000']
918,FORR,['Russell 2000']
919,FOSL,['Russell 2000']
920,FOX,['S&P 500']
921,FOXA,['S&P 500']
922,FOXF,['Russell 2000']
923,FPI,['Russell 2000']
924,FRBA,['Russell 2000']
925,FRBK,['Russell 2000']
926,FRC,['S&P 500']
927,FREE,['Russell 2000']
928,FRG,['Russell 2000']
929,FRME,['Russell 2000']
930,FRO,['Russell 2000']
931,FRPH,['Russell 2000']
932,FRST,['Russell 2000']
933,FRT,['S&P 500']
934,FSBC,['Russell 2000']
935,FSLY,['Russell 2000']
936,FSP,['Russell 2000']
937,FSR,['Russell 2000']
938,FSS,['Russell 2000']
939,FTCI,['Russell 2000']
940,FTDR,['Russell 2000']
941,FTNT,"['S&P 500', 'Nasdaq 100']"
942,FTV,['S&P 500']
943,FUBO,['Russell 2000']
944,FUL,['Russell 2000']
945,FULC,['Russell 2000']
946,FULT,['Russell 2000']
947,FVCB,['Russell 2000']
948,FWRD,['Russell 2000']
949,FWRG,['Russell 2000']
950,FXLV,['Russell 2000']
951,GABC,['Russell 2000']
952,GAMB,['Russell 2000']
953,GATX,['Russell 2000']
954,GBCI,['Russell 2000']
955,GBIO,['Russell 2000']
956,GBL,['Russell 2000']
957,GBT,['Russell 2000']
958,GBX,['Russell 2000']
959,GCBC,['Russell 2000']
960,GCI,['Russell 2000']
961,GCMG,['Russell 2000']
962,GCO,['Russell 2000']
963,GCP,['Russell 2000']
964,GD,['S&P 500']
965,GDEN,['Russell 2000']
966,GDOT,['Russell 2000']
967,GDYN,['Russell 2000']
968,GE,['S&P 500']
969,GEF,['Russell 2000']
970,GEF-B,['Russell 2000']
971,GEO,['Russell 2000']
972,GERN,['Russell 2000']
973,GES,['Russell 2000']
974,GEVO,['Russell 2000']
975,GFF,['Russell 2000']
976,GHC,['Russell 2000']
977,GIC,['Russell 2000']
978,GIII,['Russell 2000']
979,GILD,"['S&P 500', 'Nasdaq 100']"
980,GIS,['S&P 500']
981,GKOS,['Russell 2000']
982,GL,['S&P 500']
983,GLDD,['Russell 2000']
984,GLNG,['Russell 2000']
985,GLRE,['Russell 2000']
986,GLS,['Russell 2000']
987,GLT,['Russell 2000']
988,GLUE,['Russell 2000']
989,GLW,['S&P 500']
990,GM,['S&P 500']
991,GMRE,['Russell 2000']
992,GMS,['Russell 2000']
993,GNK,['Russell 2000']
994,GNL,['Russell 2000']
995,GNRC,['S&P 500']
996,GNTY,['Russell 2000']
997,GNW,['Russell 2000']
998,GOEV,['Russell 2000']
999,GOGL,['Russell 2000']
1000,GOGO,['Russell 2000']
1001,GOLF,['Russell 2000']
1002,GOOD,['Russell 2000']
1003,GOOG,"['S&P 500', 'Nasdaq 100']"
1004,GOOGL,"['S&P 500', 'Nasdaq 100']"
1005,GOSS,['Russell 2000']
1006,GPC,['S&P 500']
1007,GPI,['Russell 2000']
1008,GPMT,['Russell 2000']
1009,GPN,['S&P 500']
1010,GPOR,['Russell 2000']
1011,GPRE,['Russell 2000']
1012,GPRO,['Russell 2000']
1013,GRBK,['Russell 2000']
1014,GRC,['Russell 2000']
1015,GREE,['Russell 2000']
1016,GRMN,['S&P 500']
1017,GRNA,['Russell 2000']
1018,GRPN,['Russell 2000']
1019,GRWG,['Russell 2000']
1020,GS,['S&P 500']
1021,GSAT,['Russell 2000']
1022,GSBC,['Russell 2000']
1023,GSHD,['Russell 2000']
1024,GT,['Russell 2000']
1025,GTLS,['Russell 2000']
1026,GTN,['Russell 2000']
1027,GTY,['Russell 2000']
1028,GTYH,['Russell 2000']
1029,GVA,['Russell 2000']
1030,GWH,['Russell 2000']
1031,GWRS,['Russell 2000']
1032,GWW,['S&P 500']
1033,HA,['Russell 2000']
1034,HAE,['Russell 2000']
1035,HAFC,['Russell 2000']
1036,HAIN,['Russell 2000']
1037,HAL,['S&P 500']
1038,HALO,['Russell 2000']
1039,HAS,['S&P 500']
1040,HASI,['Russell 2000']
1041,HAYN,['Russell 2000']
1042,HBAN,['S&P 500']
1043,HBCP,['Russell 2000']
1044,HBNC,['Russell 2000']
1045,HBT,['Russell 2000']
1046,HCA,['S&P 500']
1047,HCAT,['Russell 2000']
1048,HCC,['Russell 2000']
1049,HCCI,['Russell 2000']
1050,HCI,['Russell 2000']
1051,HCKT,['Russell 2000']
1052,HCSG,['Russell 2000']
1053,HD,['S&P 500']
1054,HDSN,['Russell 2000']
1055,HEAR,['Russell 2000']
1056,HEES,['Russell 2000']
1057,HELE,['Russell 2000']
1058,HES,['S&P 500']
1059,HFFG,['Russell 2000']
1060,HFWA,['Russell 2000']
1061,HGV,['Russell 2000']
1062,HI,['Russell 2000']
1063,HIBB,['Russell 2000']
1064,HIFS,['Russell 2000']
1065,HIG,['S&P 500']
1066,HII,['S&P 500']
1067,HIMS,['Russell 2000']
1068,HIPO,['Russell 2000']
1069,HL,['Russell 2000']
1070,HLF,['Russell 2000']
1071,HLGN,['Russell 2000']
1072,HLI,['Russell 2000']
1073,HLIO,['Russell 2000']
1074,HLIT,['Russell 2000']
1075,HLLY,['Russell 2000']
1076,HLMN,['Russell 2000']
1077,HLNE,['Russell 2000']
1078,HLT,['S&P 500']
1079,HLTH,['Russell 2000']
1080,HLVX,['Russell 2000']
1081,HLX,['Russell 2000']
1082,HMN,['Russell 2000']
1083,HMPT,['Russell 2000']
1084,HMST,['Russell 2000']
1085,HNGR,['Russell 2000']
1086,HNI,['Russell 2000']
1087,HNST,['Russell 2000']
1088,HOLX,['S&P 500']
1089,HOMB,['Russell 2000']
1090,HON,"['S&P 500', 'Nasdaq 100']"
1091,HONE,['Russell 2000']
1092,HOPE,['Russell 2000']
1093,HOUS,['Russell 2000']
1094,HOV,['Russell 2000']
1095,HP,['Russell 2000']
1096,HPE,['S&P 500']
1097,HPK,['Russell 2000']
1098,HPQ,['S&P 500']
1099,HQY,['Russell 2000']
1100,HR,['Russell 2000']
1101,HRI,['Russell 2000']
1102,HRL,['S&P 500']
1103,HRMY,['Russell 2000']
1104,HRT,['Russell 2000']
1105,HRTX,['Russell 2000']
1106,HSC,['Russell 2000']
1107,HSIC,['S&P 500']
1108,HSII,['Russell 2000']
1109,HSKA,['Russell 2000']
1110,HST,['S&P 500']
1111,HSTM,['Russell 2000']
1112,HSY,['S&P 500']
1113,HT,['Russell 2000']
1114,HTBI,['Russell 2000']
1115,HTBK,['Russell 2000']
1116,HTH,['Russell 2000']
1117,HTLD,['Russell 2000']
1118,HTLF,['Russell 2000']
1119,HUBG,['Russell 2000']
1120,HUM,['S&P 500']
1121,HUMA,['Russell 2000']
1122,HURN,['Russell 2000']
1123,HVT,['Russell 2000']
1124,HWC,['Russell 2000']
1125,HWKN,['Russell 2000']
1126,HWM,['S&P 500']
1127,HY,['Russell 2000']
1128,HYFM,['Russell 2000']
1129,HYLN,['Russell 2000']
1130,HYMC,['Russell 2000']
1131,HYZN,['Russell 2000']
1132,HZO,['Russell 2000']
1133,IAS,['Russell 2000']
1134,IBCP,['Russell 2000']
1135,IBEX,['Russell 2000']
1136,IBM,['S&P 500']
1137,IBOC,['Russell 2000']
1138,IBP,['Russell 2000']
1139,IBRX,['Russell 2000']
1140,IBTX,['Russell 2000']
1141,ICE,['S&P 500']
1142,ICFI,['Russell 2000']
1143,ICHR,['Russell 2000']
1144,ICPT,['Russell 2000']
1145,ICVX,['Russell 2000']
1146,IDCC,['Russell 2000']
1147,IDT,['Russell 2000']
1148,IDXX,"['S&P 500', 'Nasdaq 100']"
1149,IDYA,['Russell 2000']
1150,IEA,['Russell 2000']
1151,IESC,['Russell 2000']
1152,IEX,['S&P 500']
1153,IFF,['S&P 500']
1154,IGMS,['Russell 2000']
1155,IGT,['Russell 2000']
1156,IHRT,['Russell 2000']
1157,III,['Russell 2000']
1158,IIIN,['Russell 2000']
1159,IIIV,['Russell 2000']
1160,IIPR,['Russell 2000']
1161,ILMN,"['S&P 500', 'Nasdaq 100']"
1162,ILPT,['Russell 2000']
1163,IMAX,['Russell 2000']
1164,IMGN,['Russell 2000']
1165,IMGO,['Russell 2000']
1166,IMKTA,['Russell 2000']
1167,IMVT,['Russell 2000']
1168,IMXI,['Russell 2000']
1169,INBK,['Russell 2000']
1170,INBX,['Russell 2000']
1171,INCY,['S&P 500']
1172,INDB,['Russell 2000']
1173,INDI,['Russell 2000']
1174,INDT,['Russell 2000']
1175,INFN,['Russell 2000']
1176,INGN,['Russell 2000']
1177,INN,['Russell 2000']
1178,INNV,['Russell 2000']
1179,INO,['Russell 2000']
1180,INSE,['Russell 2000']
1181,INSG,['Russell 2000']
1182,INSM,['Russell 2000']
1183,INSP,['Russell 2000']
1184,INST,['Russell 2000']
1185,INSW,['Russell 2000']
1186,INT,['Russell 2000']
1187,INTA,['Russell 2000']
1188,INTC,"['S&P 500', 'Nasdaq 100']"
1189,INTU,"['S&P 500', 'Nasdaq 100']"
1190,INVA,['Russell 2000']
1191,INVE,['Russell 2000']
1192,IONQ,['Russell 2000']
1193,IOSP,['Russell 2000']
1194,IOVA,['Russell 2000']
1195,IP,['S&P 500']
1196,IPAR,['Russell 2000']
1197,IPG,['S&P 500']
1198,IPI,['Russell 2000']
1199,IPSC,['Russell 2000']
1200,IQV,['S&P 500']
1201,IR,['S&P 500']
1202,IRBT,['Russell 2000']
1203,IRDM,['Russell 2000']
1204,IRM,['S&P 500']
1205,IRMD,['Russell 2000']
1206,IRNT,['Russell 2000']
1207,IRT,['Russell 2000']
1208,IRTC,['Russell 2000']
1209,IRWD,['Russell 2000']
1210,ISEE,['Russell 2000']
1211,ISPO,['Russell 2000']
1212,ISRG,"['S&P 500', 'Nasdaq 100']"
1213,IT,['S&P 500']
1214,ITCI,['Russell 2000']
1215,ITGR,['Russell 2000']
1216,ITIC,['Russell 2000']
1217,ITOS,['Russell 2000']
1218,ITRI,['Russell 2000']
1219,ITW,['S&P 500']
1220,IVR,['Russell 2000']
1221,IVT,['Russell 2000']
1222,IVZ,['S&P 500']
1223,J,['S&P 500']
1224,JACK,['Russell 2000']
1225,JANX,['Russell 2000']
1226,JBHT,['S&P 500']
1227,JBI,['Russell 2000']
1228,JBSS,['Russell 2000']
1229,JBT,['Russell 2000']
1230,JCI,['S&P 500']
1231,JD,['Nasdaq 100']
1232,JELD,['Russell 2000']
1233,JJSF,['Russell 2000']
1234,JKHY,['S&P 500']
1235,JMSB,['Russell 2000']
1236,JNCE,['Russell 2000']
1237,JNJ,['S&P 500']
1238,JNPR,['S&P 500']
1239,JOAN,['Russell 2000']
1240,JOBY,['Russell 2000']
1241,JOE,['Russell 2000']
1242,JOUT,['Russell 2000']
1243,JPM,['S&P 500']
1244,JRVR,['Russell 2000']
1245,JXN,['Russell 2000']
1246,JYNT,['Russell 2000']
1247,K,['S&P 500']
1248,KAI,['Russell 2000']
1249,KALU,['Russell 2000']
1250,KALV,['Russell 2000']
1251,KAMN,['Russell 2000']
1252,KAR,['Russell 2000']
1253,KBAL,['Russell 2000']
1254,KBH,['Russell 2000']
1255,KDNY,['Russell 2000']
1256,KDP,"['S&P 500', 'Nasdaq 100']"
1257,KE,['Russell 2000']
1258,KELYA,['Russell 2000']
1259,KEY,['S&P 500']
1260,KEYS,['S&P 500']
1261,KFRC,['Russell 2000']
1262,KFY,['Russell 2000']
1263,KHC,"['S&P 500', 'Nasdaq 100']"
1264,KIDS,['Russell 2000']
1265,KIM,['S&P 500']
1266,KLAC,"['S&P 500', 'Nasdaq 100']"
1267,KLIC,['Russell 2000']
1268,KLR,['Russell 2000']
1269,KMB,['S&P 500']
1270,KMI,['S&P 500']
1271,KMT,['Russell 2000']
1272,KMX,['S&P 500']
1273,KN,['Russell 2000']
1274,KNBE,['Russell 2000']
1275,KNSA,['Russell 2000']
1276,KNSL,['Russell 2000']
1277,KNTE,['Russell 2000']
1278,KNTK,['Russell 2000']
1279,KO,['S&P 500']
1280,KOD,['Russell 2000']
1281,KODK,['Russell 2000']
1282,KOP,['Russell 2000']
1283,KORE,['Russell 2000']
1284,KOS,['Russell 2000']
1285,KPTI,['Russell 2000']
1286,KR,['S&P 500']
1287,KREF,['Russell 2000']
1288,KRG,['Russell 2000']
1289,KRNY,['Russell 2000']
1290,KRO,['Russell 2000']
1291,KRON,['Russell 2000']
1292,KROS,['Russell 2000']
1293,KRT,['Russell 2000']
1294,KRTX,['Russell 2000']
1295,KRUS,['Russell 2000']
1296,KRYS,['Russell 2000']
1297,KTB,['Russell 2000']
1298,KTOS,['Russell 2000']
1299,KURA,['Russell 2000']
1300,KW,['Russell 2000']
1301,KWR,['Russell 2000']
1302,KYMR,['Russell 2000']
1303,KZR,['Russell 2000']
1304,L,['S&P 500']
1305,LADR,['Russell 2000']
1306,LANC,['Russell 2000']
1307,LAND,['Russell 2000']
1308,LASR,['Russell 2000']
1309,LAUR,['Russell 2000']
1310,LAW,['Russell 2000']
1311,LAZR,['Russell 2000']
1312,LBAI,['Russell 2000']
1313,LBC,['Russell 2000']
1314,LBRT,['Russell 2000']
1315,LC,['Russell 2000']
1316,LCID,['Nasdaq 100']
1317,LCII,['Russell 2000']
1318,LCUT,['Russell 2000']
1319,LDOS,['S&P 500']
1320,LE,['Russell 2000']
1321,LEGH,['Russell 2000']
1322,LEN,['S&P 500']
1323,LEU,['Russell 2000']
1324,LFG,['Russell 2000']
1325,LFLY,['Russell 2000']
1326,LFST,['Russell 2000']
1327,LGF-A,['Russell 2000']
1328,LGF-B,['Russell 2000']
1329,LGIH,['Russell 2000']
1330,LGND,['Russell 2000']
1331,LH,['S&P 500']
1332,LHCG,['Russell 2000']
1333,LHX,['S&P 500']
1334,LICY,['Russell 2000']
1335,LIDR,['Russell 2000']
1336,LILA,['Russell 2000']
1337,LILAK,['Russell 2000']
1338,LIN,['S&P 500']
1339,LIND,['Russell 2000']
1340,LIVN,['Russell 2000']
1341,LKFN,['Russell 2000']
1342,LKQ,['S&P 500']
1343,LL,['Russell 2000']
1344,LLAP,['Russell 2000']
1345,LLY,['S&P 500']
1346,LMAT,['Russell 2000']
1347,LMND,['Russell 2000']
1348,LMT,['S&P 500']
1349,LNC,['S&P 500']
1350,LNDC,['Russell 2000']
1351,LNN,['Russell 2000']
1352,LNT,['S&P 500']
1353,LNTH,['Russell 2000']
1354,LNW,['Russell 2000']
1355,LOB,['Russell 2000']
1356,LOCL,['Russell 2000']
1357,LOCO,['Russell 2000']
1358,LOVE,['Russell 2000']
1359,LOW,['S&P 500']
1360,LPG,['Russell 2000']
1361,LPI,['Russell 2000']
1362,LPRO,['Russell 2000']
1363,LPSN,['Russell 2000']
1364,LQDA,['Russell 2000']
1365,LQDT,['Russell 2000']
1366,LRCX,"['S&P 500', 'Nasdaq 100']"
1367,LRN,['Russell 2000']
1368,LSEA,['Russell 2000']
1369,LTC,['Russell 2000']
1370,LTCH,['Russell 2000']
1371,LTH,['Russell 2000']
1372,LTHM,['Russell 2000']
1373,LULU,['Nasdaq 100']
1374,LUMN,['S&P 500']
1375,LUNG,['Russell 2000']
1376,LUV,['S&P 500']
1377,LVLU,['Russell 2000']
1378,LVOX,['Russell 2000']
1379,LVS,['S&P 500']
1380,LW,['S&P 500']
1381,LWLG,['Russell 2000']
1382,LXFR,['Russell 2000']
1383,LXP,['Russell 2000']
1384,LXRX,['Russell 2000']
1385,LXU,['Russell 2000']
1386,LYB,['S&P 500']
1387,LYEL,['Russell 2000']
1388,LYLT,['Russell 2000']
1389,LYV,['S&P 500']
1390,LZ,['Russell 2000']
1391,LZB,['Russell 2000']
1392,MA,['S&P 500']
1393,MAA,['S&P 500']
1394,MAC,['Russell 2000']
1395,MANT,['Russell 2000']
1396,MAPS,['Russell 2000']
1397,MAR,"['S&P 500', 'Nasdaq 100']"
1398,MARA,['Russell 2000']
1399,MAS,['S&P 500']
1400,MASS,['Russell 2000']
1401,MATW,['Russell 2000']
1402,MATX,['Russell 2000']
1403,MAX,['Russell 2000']
1404,MAXR,['Russell 2000']
1405,MBI,['Russell 2000']
1406,MBIN,['Russell 2000']
1407,MBUU,['Russell 2000']
1408,MBWM,['Russell 2000']
1409,MC,['Russell 2000']
1410,MCB,['Russell 2000']
1411,MCBC,['Russell 2000']
1412,MCBS,['Russell 2000']
1413,MCD,['S&P 500']
1414,MCFT,['Russell 2000']
1415,MCHP,"['S&P 500', 'Nasdaq 100']"
1416,MCK,['S&P 500']
1417,MCO,['S&P 500']
1418,MCRB,['Russell 2000']
1419,MCRI,['Russell 2000']
1420,MCS,['Russell 2000']
1421,MCY,['Russell 2000']
1422,MD,['Russell 2000']
1423,MDC,['Russell 2000']
1424,MDGL,['Russell 2000']
1425,MDLZ,"['S&P 500', 'Nasdaq 100']"
1426,MDRX,['Russell 2000']
1427,MDT,['S&P 500']
1428,MDXG,['Russell 2000']
1429,ME,['Russell 2000']
1430,MED,['Russell 2000']
1431,MEDP,['Russell 2000']
1432,MEG,['Russell 2000']
1433,MEI,['Russell 2000']
1434,MELI,['Nasdaq 100']
1435,MET,['S&P 500']
1436,META,"['S&P 500', 'Nasdaq 100']"
1437,METC,['Russell 2000']
1438,MFA,['Russell 2000']
1439,MGEE,['Russell 2000']
1440,MGI,['Russell 2000']
1441,MGM,['S&P 500']
1442,MGNI,['Russell 2000']
1443,MGNX,['Russell 2000']
1444,MGPI,['Russell 2000']
1445,MGRC,['Russell 2000']
1446,MGTX,['Russell 2000']
1447,MGY,['Russell 2000']
1448,MHK,['S&P 500']
1449,MHO,['Russell 2000']
1450,MIR,['Russell 2000']
1451,MIRM,['Russell 2000']
1452,MITK,['Russell 2000']
1453,MKC,['S&P 500']
1454,MKFG,['Russell 2000']
1455,MKTW,['Russell 2000']
1456,MKTX,['S&P 500']
1457,ML,['Russell 2000']
1458,MLAB,['Russell 2000']
1459,MLI,['Russell 2000']
1460,MLKN,['Russell 2000']
1461,MLM,['S&P 500']
1462,MLNK,['Russell 2000']
1463,MLR,['Russell 2000']
1464,MMC,['S&P 500']
1465,MMI,['Russell 2000']
1466,MMM,['S&P 500']
1467,MMS,['Russell 2000']
1468,MMSI,['Russell 2000']
1469,MN,['Russell 2000']
1470,MNKD,['Russell 2000']
1471,MNRL,['Russell 2000']
1472,MNRO,['Russell 2000']
1473,MNST,"['S&P 500', 'Nasdaq 100']"
1474,MNTK,['Russell 2000']
1475,MNTS,['Russell 2000']
1476,MNTV,['Russell 2000']
1477,MO,['S&P 500']
1478,MOD,['Russell 2000']
1479,MODN,['Russell 2000']
1480,MODV,['Russell 2000']
1481,MOFG,['Russell 2000']
1482,MOG-A,['Russell 2000']
1483,MOH,['S&P 500']
1484,MORF,['Russell 2000']
1485,MOS,['S&P 500']
1486,MOV,['Russell 2000']
1487,MPAA,['Russell 2000']
1488,MPB,['Russell 2000']
1489,MPC,['S&P 500']
1490,MPLN,['Russell 2000']
1491,MPWR,['S&P 500']
1492,MPX,['Russell 2000']
1493,MQ,['Russell 2000']
1494,MRC,['Russell 2000']
1495,MRK,['S&P 500']
1496,MRNA,"['S&P 500', 'Nasdaq 100']"
1497,MRO,['S&P 500']
1498,MRSN,['Russell 2000']
1499,MRTN,['Russell 2000']
1500,MRVL,['Nasdaq 100']
1501,MS,['S&P 500']
1502,MSBI,['Russell 2000']
1503,MSCI,['S&P 500']
1504,MSEX,['Russell 2000']
1505,MSFT,"['S&P 500', 'Nasdaq 100']"
1506,MSGE,['Russell 2000']
1507,MSI,['S&P 500']
1508,MSTR,['Russell 2000']
1509,MTB,['S&P 500']
1510,MTCH,"['S&P 500', 'Nasdaq 100']"
1511,MTD,['S&P 500']
1512,MTDR,['Russell 2000']
1513,MTH,['Russell 2000']
1514,MTOR,['Russell 2000']
1515,MTRN,['Russell 2000']
1516,MTSI,['Russell 2000']
1517,MTTR,['Russell 2000']
1518,MTW,['Russell 2000']
1519,MTX,['Russell 2000']
1520,MU,"['S&P 500', 'Nasdaq 100']"
1521,MULN,['Russell 2000']
1522,MUR,['Russell 2000']
1523,MUSA,['Russell 2000']
1524,MVBF,['Russell 2000']
1525,MVIS,['Russell 2000']
1526,MVST,['Russell 2000']
1527,MWA,['Russell 2000']
1528,MXCT,['Russell 2000']
1529,MXL,['Russell 2000']
1530,MYE,['Russell 2000']
1531,MYFW,['Russell 2000']
1532,MYGN,['Russell 2000']
1533,MYPS,['Russell 2000']
1534,MYRG,['Russell 2000']
1535,NABL,['Russell 2000']
1536,NAPA,['Russell 2000']
1537,NARI,['Russell 2000']
1538,NAT,['Russell 2000']
1539,NATR,['Russell 2000']
1540,NAUT,['Russell 2000']
1541,NAVI,['Russell 2000']
1542,NBHC,['Russell 2000']
1543,NBN,['Russell 2000']
1544,NBR,['Russell 2000']
1545,NBTB,['Russell 2000']
1546,NC,['Russell 2000']
1547,NCLH,['S&P 500']
1548,NDAQ,['S&P 500']
1549,NDLS,['Russell 2000']
1550,NDSN,['S&P 500']
1551,NDX,['Nasdaq 100']
1552,NE,['Russell 2000']
1553,NEE,['S&P 500']
1554,NEM,['S&P 500']
1555,NEO,['Russell 2000']
1556,NEOG,['Russell 2000']
1557,NESR,['Russell 2000']
1558,NETI,['Russell 2000']
1559,NEX,['Russell 2000']
1560,NEXT,['Russell 2000']
1561,NFBK,['Russell 2000']
1562,NFLX,"['S&P 500', 'Nasdaq 100']"
1563,NG,['Russell 2000']
1564,NGM,['Russell 2000']
1565,NGMS,['Russell 2000']
1566,NGVC,['Russell 2000']
1567,NGVT,['Russell 2000']
1568,NHC,['Russell 2000']
1569,NHI,['Russell 2000']
1570,NI,['S&P 500']
1571,NIC,['Russell 2000']
1572,NJR,['Russell 2000']
1573,NKE,['S&P 500']
1574,NKLA,['Russell 2000']
1575,NKTR,['Russell 2000']
1576,NKTX,['Russell 2000']
1577,NL,['Russell 2000']
1578,NLOK,['S&P 500']
1579,NLSN,['S&P 500']
1580,NMIH,['Russell 2000']
1581,NMRK,['Russell 2000']
1582,NN,['Russell 2000']
1583,NNI,['Russell 2000']
1584,NNOX,['Russell 2000']
1585,NOC,['S&P 500']
1586,NODK,['Russell 2000']
1587,NOG,['Russell 2000']
1588,NOTV,['Russell 2000']
1589,NOVA,['Russell 2000']
1590,NOVT,['Russell 2000']
1591,NOW,['S&P 500']
1592,NP,['Russell 2000']
1593,NPK,['Russell 2000']
1594,NPO,['Russell 2000']
1595,NPTN,['Russell 2000']
1596,NR,['Russell 2000']
1597,NRC,['Russell 2000']
1598,NRDS,['Russell 2000']
1599,NRDY,['Russell 2000']
1600,NREF,['Russell 2000']
1601,NRG,['S&P 500']
1602,NRGV,['Russell 2000']
1603,NRIX,['Russell 2000']
1604,NSC,['S&P 500']
1605,NSIT,['Russell 2000']
1606,NSP,['Russell 2000']
1607,NSSC,['Russell 2000']
1608,NSTG,['Russell 2000']
1609,NTAP,['S&P 500']
1610,NTB,['Russell 2000']
1611,NTCT,['Russell 2000']
1612,NTES,['Nasdaq 100']
1613,NTGR,['Russell 2000']
1614,NTLA,['Russell 2000']
1615,NTRS,['S&P 500']
1616,NTST,['Russell 2000']
1617,NTUS,['Russell 2000']
1618,NUE,['S&P 500']
1619,NUS,['Russell 2000']
1620,NUTX,['Russell 2000']
1621,NUVA,['Russell 2000']
1622,NUVB,['Russell 2000']
1623,NUVL,['Russell 2000']
1624,NVDA,"['S&P 500', 'Nasdaq 100']"
1625,NVEE,['Russell 2000']
1626,NVR,['S&P 500']
1627,NVRO,['Russell 2000']
1628,NVTA,['Russell 2000']
1629,NWBI,['Russell 2000']
1630,NWE,['Russell 2000']
1631,NWL,['S&P 500']
1632,NWLI,['Russell 2000']
1633,NWN,['Russell 2000']
1634,NWPX,['Russell 2000']
1635,NWS,['S&P 500']
1636,NWSA,['S&P 500']
1637,NX,['Russell 2000']
1638,NXGN,['Russell 2000']
1639,NXPI,"['S&P 500', 'Nasdaq 100']"
1640,NXRT,['Russell 2000']
1641,NYMT,['Russell 2000']
1642,O,['S&P 500']
1643,OAS,['Russell 2000']
1644,OB,['Russell 2000']
1645,OBNK,['Russell 2000']
1646,OCFC,['Russell 2000']
1647,OCGN,['Russell 2000']
1648,OCUL,['Russell 2000']
1649,ODFL,"['S&P 500', 'Nasdaq 100']"
1650,ODP,['Russell 2000']
1651,OEC,['Russell 2000']
1652,OFC,['Russell 2000']
1653,OFG,['Russell 2000']
1654,OFIX,['Russell 2000']
1655,OFLX,['Russell 2000']
1656,OGN,['S&P 500']
1657,OGS,['Russell 2000']
1658,OI,['Russell 2000']
1659,OII,['Russell 2000']
1660,OIS,['Russell 2000']
1661,OKE,['S&P 500']
1662,OKTA,['Nasdaq 100']
1663,OLO,['Russell 2000']
1664,OLP,['Russell 2000']
1665,OM,['Russell 2000']
1666,OMC,['S&P 500']
1667,OMCL,['Russell 2000']
1668,OMI,['Russell 2000']
1669,OMIC,['Russell 2000']
1670,ON,['S&P 500']
1671,ONB,['Russell 2000']
1672,ONDS,['Russell 2000']
1673,ONEM,['Russell 2000']
1674,ONEW,['Russell 2000']
1675,ONL,['Russell 2000']
1676,ONTF,['Russell 2000']
1677,ONTO,['Russell 2000']
1678,OOMA,['Russell 2000']
1679,OPAD,['Russell 2000']
1680,OPCH,['Russell 2000']
1681,OPFI,['Russell 2000']
1682,OPI,['Russell 2000']
1683,OPK,['Russell 2000']
1684,OPRT,['Russell 2000']
1685,OPRX,['Russell 2000']
1686,OPY,['Russell 2000']
1687,ORA,['Russell 2000']
1688,ORC,['Russell 2000']
1689,ORCL,['S&P 500']
1690,ORGN,['Russell 2000']
1691,ORGO,['Russell 2000']
1692,ORLY,"['S&P 500', 'Nasdaq 100']"
1693,ORRF,['Russell 2000']
1694,OSBC,['Russell 2000']
1695,OSCR,['Russell 2000']
1696,OSIS,['Russell 2000']
1697,OSPN,['Russell 2000']
1698,OSTK,['Russell 2000']
1699,OSUR,['Russell 2000']
1700,OSW,['Russell 2000']
1701,OTIS,['S&P 500']
1702,OTLK,['Russell 2000']
1703,OTTR,['Russell 2000']
1704,OUST,['Russell 2000']
1705,OUT,['Russell 2000']
1706,OWLT,['Russell 2000']
1707,OXM,['Russell 2000']
1708,OXY,['S&P 500']
1709,PACB,['Russell 2000']
1710,PACK,['Russell 2000']
1711,PAHC,['Russell 2000']
1712,PANW,['Nasdaq 100']
1713,PAR,['Russell 2000']
1714,PARA,['S&P 500']
1715,PARR,['Russell 2000']
1716,PATK,['Russell 2000']
1717,PAYA,['Russell 2000']
1718,PAYC,['S&P 500']
1719,PAYO,['Russell 2000']
1720,PAYX,"['S&P 500', 'Nasdaq 100']"
1721,PBF,['Russell 2000']
1722,PBFS,['Russell 2000']
1723,PBH,['Russell 2000']
1724,PBI,['Russell 2000']
1725,PCAR,"['S&P 500', 'Nasdaq 100']"
1726,PCB,['Russell 2000']
1727,PCH,['Russell 2000']
1728,PCRX,['Russell 2000']
1729,PCSB,['Russell 2000']
1730,PCT,['Russell 2000']
1731,PCVX,['Russell 2000']
1732,PCYO,['Russell 2000']
1733,PD,['Russell 2000']
1734,PDCO,['Russell 2000']
1735,PDD,['Nasdaq 100']
1736,PDFS,['Russell 2000']
1737,PDM,['Russell 2000']
1738,PEAK,['S&P 500']
1739,PEB,['Russell 2000']
1740,PEBO,['Russell 2000']
1741,PECO,['Russell 2000']
1742,PEG,['S&P 500']
1743,PENN,['S&P 500']
1744,PEP,"['S&P 500', 'Nasdaq 100']"
1745,PEPG,['Russell 2000']
1746,PETQ,['Russell 2000']
1747,PETS,['Russell 2000']
1748,PFBC,['Russell 2000']
1749,PFC,['Russell 2000']
1750,PFE,['S&P 500']
1751,PFG,['S&P 500']
1752,PFHD,['Russell 2000']
1753,PFIS,['Russell 2000']
1754,PFS,['Russell 2000']
1755,PFSI,['Russell 2000']
1756,PFSW,['Russell 2000']
1757,PG,['S&P 500']
1758,PGC,['Russell 2000']
1759,PGEN,['Russell 2000']
1760,PGNY,['Russell 2000']
1761,PGR,['S&P 500']
1762,PGRE,['Russell 2000']
1763,PGTI,['Russell 2000']
1764,PH,['S&P 500']
1765,PHAT,['Russell 2000']
1766,PHM,['S&P 500']
1767,PHR,['Russell 2000']
1768,PI,['Russell 2000']
1769,PIII,['Russell 2000']
1770,PING,['Russell 2000']
1771,PIPR,['Russell 2000']
1772,PJT,['Russell 2000']
1773,PKBK,['Russell 2000']
1774,PKE,['Russell 2000']
1775,PKG,['S&P 500']
1776,PKI,['S&P 500']
1777,PL,['Russell 2000']
1778,PLAB,['Russell 2000']
1779,PLAY,['Russell 2000']
1780,PLBY,['Russell 2000']
1781,PLCE,['Russell 2000']
1782,PLD,['S&P 500']
1783,PLL,['Russell 2000']
1784,PLM,['Russell 2000']
1785,PLMR,['Russell 2000']
1786,PLOW,['Russell 2000']
1787,PLPC,['Russell 2000']
1788,PLUS,['Russell 2000']
1789,PLXS,['Russell 2000']
1790,PLYM,['Russell 2000']
1791,PM,['S&P 500']
1792,PMT,['Russell 2000']
1793,PMVP,['Russell 2000']
1794,PNC,['S&P 500']
1795,PNM,['Russell 2000']
1796,PNR,['S&P 500']
1797,PNT,['Russell 2000']
1798,PNTG,['Russell 2000']
1799,PNW,['S&P 500']
1800,POLY,['Russell 2000']
1801,POOL,['S&P 500']
1802,POR,['Russell 2000']
1803,POSH,['Russell 2000']
1804,POWI,['Russell 2000']
1805,POWL,['Russell 2000']
1806,POWW,['Russell 2000']
1807,PPBI,['Russell 2000']
1808,PPG,['S&P 500']
1809,PPL,['S&P 500']
1810,PRA,['Russell 2000']
1811,PRAA,['Russell 2000']
1812,PRAX,['Russell 2000']
1813,PRCH,['Russell 2000']
1814,PRCT,['Russell 2000']
1815,PRDO,['Russell 2000']
1816,PRDS,['Russell 2000']
1817,PRFT,['Russell 2000']
1818,PRG,['Russell 2000']
1819,PRGS,['Russell 2000']
1820,PRIM,['Russell 2000']
1821,PRK,['Russell 2000']
1822,PRLB,['Russell 2000']
1823,PRM,['Russell 2000']
1824,PRMW,['Russell 2000']
1825,PRO,['Russell 2000']
1826,PRPL,['Russell 2000']
1827,PRTA,['Russell 2000']
1828,PRTH,['Russell 2000']
1829,PRTS,['Russell 2000']
1830,PRTY,['Russell 2000']
1831,PRU,['S&P 500']
1832,PRVA,['Russell 2000']
1833,PRVB,['Russell 2000']
1834,PSA,['S&P 500']
1835,PSB,['Russell 2000']
1836,PSFE,['Russell 2000']
1837,PSMT,['Russell 2000']
1838,PSN,['Russell 2000']
1839,PSTL,['Russell 2000']
1840,PSX,['S&P 500']
1841,PTC,['S&P 500']
1842,PTCT,['Russell 2000']
1843,PTEN,['Russell 2000']
1844,PTGX,['Russell 2000']
1845,PTLO,['Russell 2000']
1846,PTRA,['Russell 2000']
1847,PTSI,['Russell 2000']
1848,PTVE,['Russell 2000']
1849,PUBM,['Russell 2000']
1850,PUMP,['Russell 2000']
1851,PVBC,['Russell 2000']
1852,PVH,['S&P 500']
1853,PWP,['Russell 2000']
1854,PWR,['S&P 500']
1855,PWSC,['Russell 2000']
1856,PXD,['S&P 500']
1857,PYPL,"['S&P 500', 'Nasdaq 100']"
1858,PZN,['Russell 2000']
1859,PZZA,['Russell 2000']
1860,QCOM,"['S&P 500', 'Nasdaq 100']"
1861,QCRH,['Russell 2000']
1862,QLYS,['Russell 2000']
1863,QNST,['Russell 2000']
1864,QRTEA,['Russell 2000']
1865,QRVO,['S&P 500']
1866,QSI,['Russell 2000']
1867,QTRX,['Russell 2000']
1868,QTWO,['Russell 2000']
1869,QUAD,['Russell 2000']
1870,QUOT,['Russell 2000']
1871,RAD,['Russell 2000']
1872,RADI,['Russell 2000']
1873,RAMP,['Russell 2000']
1874,RAPT,['Russell 2000']
1875,RBB,['Russell 2000']
1876,RBBN,['Russell 2000']
1877,RBCAA,['Russell 2000']
1878,RBOT,['Russell 2000']
1879,RC,['Russell 2000']
1880,RCII,['Russell 2000']
1881,RCKT,['Russell 2000']
1882,RCKY,['Russell 2000']
1883,RCL,['S&P 500']
1884,RCM,['Russell 2000']
1885,RCUS,['Russell 2000']
1886,RDBX,['Russell 2000']
1887,RDFN,['Russell 2000']
1888,RDN,['Russell 2000']
1889,RDNT,['Russell 2000']
1890,RDUS,['Russell 2000']
1891,RDVT,['Russell 2000']
1892,RDW,['Russell 2000']
1893,RE,['S&P 500']
1894,REAL,['Russell 2000']
1895,REFI,['Russell 2000']
1896,REG,['S&P 500']
1897,REGN,"['S&P 500', 'Nasdaq 100']"
1898,REI,['Russell 2000']
1899,RELY,['Russell 2000']
1900,RENT,['Russell 2000']
1901,REPL,['Russell 2000']
1902,REPX,['Russell 2000']
1903,RES,['Russell 2000']
1904,RETA,['Russell 2000']
1905,REVG,['Russell 2000']
1906,REX,['Russell 2000']
1907,REZI,['Russell 2000']
1908,RF,['S&P 500']
1909,RFP,['Russell 2000']
1910,RGNX,['Russell 2000']
1911,RGP,['Russell 2000']
1912,RGR,['Russell 2000']
1913,RGTI,['Russell 2000']
1914,RHI,['S&P 500']
1915,RHP,['Russell 2000']
1916,RICK,['Russell 2000']
1917,RIDE,['Russell 2000']
1918,RIGL,['Russell 2000']
1919,RILY,['Russell 2000']
1920,RIOT,['Russell 2000']
1921,RJF,['S&P 500']
1922,RKLB,['Russell 2000']
1923,RKLY,['Russell 2000']
1924,RL,['S&P 500']
1925,RLAY,['Russell 2000']
1926,RLGT,['Russell 2000']
1927,RLI,['Russell 2000']
1928,RLJ,['Russell 2000']
1929,RLMD,['Russell 2000']
1930,RLYB,['Russell 2000']
1931,RM,['Russell 2000']
1932,RMAX,['Russell 2000']
1933,RMBL,['Russell 2000']
1934,RMBS,['Russell 2000']
1935,RMD,['S&P 500']
1936,RMNI,['Russell 2000']
1937,RMR,['Russell 2000']
1938,RNA,['Russell 2000']
1939,RNST,['Russell 2000']
1940,ROAD,['Russell 2000']
1941,ROCC,['Russell 2000']
1942,ROCK,['Russell 2000']
1943,ROG,['Russell 2000']
1944,ROIC,['Russell 2000']
1945,ROK,['S&P 500']
1946,ROL,['S&P 500']
1947,ROLL,['Russell 2000']
1948,ROOT,['Russell 2000']
1949,ROP,['S&P 500']
1950,ROST,"['S&P 500', 'Nasdaq 100']"
1951,ROVR,['Russell 2000']
1952,RPAY,['Russell 2000']
1953,RPD,['Russell 2000']
1954,RPT,['Russell 2000']
1955,RRBI,['Russell 2000']
1956,RRR,['Russell 2000']
1957,RSG,['S&P 500']
1958,RSI,['Russell 2000']
1959,RSVR,['Russell 2000']
1960,RTL,['Russell 2000']
1961,RTX,['S&P 500']
1962,RUSHA,['Russell 2000']
1963,RUSHB,['Russell 2000']
1964,RUTH,['Russell 2000']
1965,RVLV,['Russell 2000']
1966,RVMD,['Russell 2000']
1967,RVNC,['Russell 2000']
1968,RWT,['Russell 2000']
1969,RXDX,['Russell 2000']
1970,RXRX,['Russell 2000']
1971,RXST,['Russell 2000']
1972,RXT,['Russell 2000']
1973,RYAM,['Russell 2000']
1974,RYI,['Russell 2000']
1975,SABR,['Russell 2000']
1976,SAFE,['Russell 2000']
1977,SAFM,['Russell 2000']
1978,SAFT,['Russell 2000']
1979,SAGE,['Russell 2000']
1980,SAH,['Russell 2000']
1981,SAIA,['Russell 2000']
1982,SAIL,['Russell 2000']
1983,SAMG,['Russell 2000']
1984,SANA,['Russell 2000']
1985,SANM,['Russell 2000']
1986,SASR,['Russell 2000']
1987,SATS,['Russell 2000']
1988,SAVA,['Russell 2000']
1989,SAVE,['Russell 2000']
1990,SB,['Russell 2000']
1991,SBAC,['S&P 500']
1992,SBCF,['Russell 2000']
1993,SBGI,['Russell 2000']
1994,SBH,['Russell 2000']
1995,SBNY,['S&P 500']
1996,SBOW,['Russell 2000']
1997,SBRA,['Russell 2000']
1998,SBSI,['Russell 2000']
1999,SBT,['Russell 2000']
2000,SBUX,"['S&P 500', 'Nasdaq 100']"
2001,SCHL,['Russell 2000']
2002,SCHN,['Russell 2000']
2003,SCHW,['S&P 500']
2004,SCL,['Russell 2000']
2005,SCS,['Russell 2000']
2006,SCSC,['Russell 2000']
2007,SCU,['Russell 2000']
2008,SCVL,['Russell 2000']
2009,SCWX,['Russell 2000']
2010,SD,['Russell 2000']
2011,SDGR,['Russell 2000']
2012,SEAS,['Russell 2000']
2013,SEAT,['Russell 2000']
2014,SEDG,['S&P 500']
2015,SEE,['S&P 500']
2016,SEER,['Russell 2000']
2017,SEM,['Russell 2000']
2018,SENEA,['Russell 2000']
2019,SENS,['Russell 2000']
2020,SFBS,['Russell 2000']
2021,SFIX,['Russell 2000']
2022,SFL,['Russell 2000']
2023,SFM,['Russell 2000']
2024,SFNC,['Russell 2000']
2025,SFST,['Russell 2000']
2026,SG,['Russell 2000']
2027,SGC,['Russell 2000']
2028,SGEN,['Nasdaq 100']
2029,SGH,['Russell 2000']
2030,SGHT,['Russell 2000']
2031,SGMO,['Russell 2000']
2032,SGRY,['Russell 2000']
2033,SHAK,['Russell 2000']
2034,SHBI,['Russell 2000']
2035,SHCR,['Russell 2000']
2036,SHEN,['Russell 2000']
2037,SHLS,['Russell 2000']
2038,SHO,['Russell 2000']
2039,SHOO,['Russell 2000']
2040,SHW,['S&P 500']
2041,SHYF,['Russell 2000']
2042,SI,['Russell 2000']
2043,SIBN,['Russell 2000']
2044,SIG,['Russell 2000']
2045,SIGA,['Russell 2000']
2046,SIGI,['Russell 2000']
2047,SILK,['Russell 2000']
2048,SIRI,['Nasdaq 100']
2049,SITC,['Russell 2000']
2050,SITM,['Russell 2000']
2051,SIVB,['S&P 500']
2052,SJI,['Russell 2000']
2053,SJM,['S&P 500']
2054,SJW,['Russell 2000']
2055,SKIL,['Russell 2000']
2056,SKIN,['Russell 2000']
2057,SKLZ,['Russell 2000']
2058,SKT,['Russell 2000']
2059,SKY,['Russell 2000']
2060,SKYT,['Russell 2000']
2061,SKYW,['Russell 2000']
2062,SLAB,['Russell 2000']
2063,SLB,['S&P 500']
2064,SLCA,['Russell 2000']
2065,SLDP,['Russell 2000']
2066,SLGC,['Russell 2000']
2067,SLP,['Russell 2000']
2068,SLQT,['Russell 2000']
2069,SLVM,['Russell 2000']
2070,SM,['Russell 2000']
2071,SMBC,['Russell 2000']
2072,SMBK,['Russell 2000']
2073,SMCI,['Russell 2000']
2074,SMFR,['Russell 2000']
2075,SMMF,['Russell 2000']
2076,SMP,['Russell 2000']
2077,SMPL,['Russell 2000']
2078,SMR,['Russell 2000']
2079,SMRT,['Russell 2000']
2080,SMTC,['Russell 2000']
2081,SNA,['S&P 500']
2082,SNBR,['Russell 2000']
2083,SNCE,['Russell 2000']
2084,SNCY,['Russell 2000']
2085,SNDX,['Russell 2000']
2086,SNEX,['Russell 2000']
2087,SNPO,['Russell 2000']
2088,SNPS,"['S&P 500', 'Nasdaq 100']"
2089,SO,['S&P 500']
2090,SOI,['Russell 2000']
2091,SOND,['Russell 2000']
2092,SONO,['Russell 2000']
2093,SOVO,['Russell 2000']
2094,SP,['Russell 2000']
2095,SPCE,['Russell 2000']
2096,SPFI,['Russell 2000']
2097,SPG,['S&P 500']
2098,SPGI,['S&P 500']
2099,SPIR,['Russell 2000']
2100,SPLK,['Nasdaq 100']
2101,SPNE,['Russell 2000']
2102,SPNS,['Russell 2000']
2103,SPNT,['Russell 2000']
2104,SPSC,['Russell 2000']
2105,SPT,['Russell 2000']
2106,SPTN,['Russell 2000']
2107,SPWH,['Russell 2000']
2108,SPWR,['Russell 2000']
2109,SPXC,['Russell 2000']
2110,SQSP,['Russell 2000']
2111,SR,['Russell 2000']
2112,SRCE,['Russell 2000']
2113,SRDX,['Russell 2000']
2114,SRE,['S&P 500']
2115,SRG,['Russell 2000']
2116,SRI,['Russell 2000']
2117,SRNE,['Russell 2000']
2118,SRRA,['Russell 2000']
2119,SSB,['Russell 2000']
2120,SSD,['Russell 2000']
2121,SSP,['Russell 2000']
2122,SSTI,['Russell 2000']
2123,SSTK,['Russell 2000']
2124,STAA,['Russell 2000']
2125,STAG,['Russell 2000']
2126,STAR,['Russell 2000']
2127,STBA,['Russell 2000']
2128,STC,['Russell 2000']
2129,STE,['S&P 500']
2130,STEM,['Russell 2000']
2131,STEP,['Russell 2000']
2132,STER,['Russell 2000']
2133,STGW,['Russell 2000']
2134,STKL,['Russell 2000']
2135,STKS,['Russell 2000']
2136,STNE,['Russell 2000']
2137,STNG,['Russell 2000']
2138,STOK,['Russell 2000']
2139,STON,['Russell 2000']
2140,STR,['Russell 2000']
2141,STRA,['Russell 2000']
2142,STRC,['Russell 2000']
2143,STRL,['Russell 2000']
2144,STRO,['Russell 2000']
2145,STRS,['Russell 2000']
2146,STRY,['Russell 2000']
2147,STT,['S&P 500']
2148,STX,['S&P 500']
2149,STZ,['S&P 500']
2150,SUM,['Russell 2000']
2151,SUMO,['Russell 2000']
2152,SUNL,['Russell 2000']
2153,SUPN,['Russell 2000']
2154,SVC,['Russell 2000']
2155,SWAV,['Russell 2000']
2156,SWBI,['Russell 2000']
2157,SWI,['Russell 2000']
2158,SWIM,['Russell 2000']
2159,SWK,['S&P 500']
2160,SWKH,['Russell 2000']
2161,SWKS,"['S&P 500', 'Nasdaq 100']"
2162,SWM,['Russell 2000']
2163,SWTX,['Russell 2000']
2164,SWX,['Russell 2000']
2165,SXC,['Russell 2000']
2166,SXI,['Russell 2000']
2167,SXT,['Russell 2000']
2168,SYBT,['Russell 2000']
2169,SYF,['S&P 500']
2170,SYK,['S&P 500']
2171,SYNA,['Russell 2000']
2172,SYY,['S&P 500']
2173,T,['S&P 500']
2174,TA,['Russell 2000']
2175,TALO,['Russell 2000']
2176,TALS,['Russell 2000']
2177,TAP,['S&P 500']
2178,TARS,['Russell 2000']
2179,TBBK,['Russell 2000']
2180,TBI,['Russell 2000']
2181,TBK,['Russell 2000']
2182,TBPH,['Russell 2000']
2183,TCBI,['Russell 2000']
2184,TCBK,['Russell 2000']
2185,TCBX,['Russell 2000']
2186,TCDA,['Russell 2000']
2187,TCI,['Russell 2000']
2188,TCMD,['Russell 2000']
2189,TCS,['Russell 2000']
2190,TCX,['Russell 2000']
2191,TDG,['S&P 500']
2192,TDS,['Russell 2000']
2193,TDUP,['Russell 2000']
2194,TDW,['Russell 2000']
2195,TDY,['S&P 500']
2196,TEAM,['Nasdaq 100']
2197,TECH,['S&P 500']
2198,TEL,['S&P 500']
2199,TELL,['Russell 2000']
2200,TEN,['Russell 2000']
2201,TENB,['Russell 2000']
2202,TER,['S&P 500']
2203,TEX,['Russell 2000']
2204,TFC,['S&P 500']
2205,TFX,['S&P 500']
2206,TG,['Russell 2000']
2207,TGAN,['Russell 2000']
2208,TGH,['Russell 2000']
2209,TGI,['Russell 2000']
2210,TGNA,['Russell 2000']
2211,TGT,['S&P 500']
2212,TGTX,['Russell 2000']
2213,TH,['Russell 2000']
2214,THFF,['Russell 2000']
2215,THR,['Russell 2000']
2216,THRM,['Russell 2000']
2217,THRN,['Russell 2000']
2218,THRX,['Russell 2000']
2219,THRY,['Russell 2000']
2220,THS,['Russell 2000']
2221,TIG,['Russell 2000']
2222,TIL,['Russell 2000']
2223,TILE,['Russell 2000']
2224,TIPT,['Russell 2000']
2225,TITN,['Russell 2000']
2226,TJX,['S&P 500']
2227,TK,['Russell 2000']
2228,TKNO,['Russell 2000']
2229,TLS,['Russell 2000']
2230,TLYS,['Russell 2000']
2231,TMCI,['Russell 2000']
2232,TMDX,['Russell 2000']
2233,TMHC,['Russell 2000']
2234,TMO,['S&P 500']
2235,TMP,['Russell 2000']
2236,TMST,['Russell 2000']
2237,TMUS,"['S&P 500', 'Nasdaq 100']"
2238,TNC,['Russell 2000']
2239,TNET,['Russell 2000']
2240,TNGX,['Russell 2000']
2241,TNK,['Russell 2000']
2242,TNON,['Russell 2000']
2243,TNYA,['Russell 2000']
2244,TOI,['Russell 2000']
2245,TOWN,['Russell 2000']
2246,TPB,['Russell 2000']
2247,TPC,['Russell 2000']
2248,TPH,['Russell 2000']
2249,TPIC,['Russell 2000']
2250,TPR,['S&P 500']
2251,TPTX,['Russell 2000']
2252,TR,['Russell 2000']
2253,TRC,['Russell 2000']
2254,TREE,['Russell 2000']
2255,TRMB,['S&P 500']
2256,TRMK,['Russell 2000']
2257,TRN,['Russell 2000']
2258,TRNO,['Russell 2000']
2259,TRNS,['Russell 2000']
2260,TROW,['S&P 500']
2261,TROX,['Russell 2000']
2262,TRS,['Russell 2000']
2263,TRST,['Russell 2000']
2264,TRTN,['Russell 2000']
2265,TRTX,['Russell 2000']
2266,TRUE,['Russell 2000']
2267,TRUP,['Russell 2000']
2268,TRV,['S&P 500']
2269,TSCO,['S&P 500']
2270,TSE,['Russell 2000']
2271,TSLA,"['S&P 500', 'Nasdaq 100']"
2272,TSN,['S&P 500']
2273,TSP,['Russell 2000']
2274,TSVT,['Russell 2000']
2275,TT,['S&P 500']
2276,TTCF,['Russell 2000']
2277,TTEC,['Russell 2000']
2278,TTGT,['Russell 2000']
2279,TTI,['Russell 2000']
2280,TTMI,['Russell 2000']
2281,TTSH,['Russell 2000']
2282,TTWO,['S&P 500']
2283,TUP,['Russell 2000']
2284,TVTX,['Russell 2000']
2285,TVTY,['Russell 2000']
2286,TWI,['Russell 2000']
2287,TWNK,['Russell 2000']
2288,TWO,['Russell 2000']
2289,TWOU,['Russell 2000']
2290,TWST,['Russell 2000']
2291,TWTR,['S&P 500']
2292,TXN,"['S&P 500', 'Nasdaq 100']"
2293,TXRH,['Russell 2000']
2294,TXT,['S&P 500']
2295,TYL,['S&P 500']
2296,TYRA,['Russell 2000']
2297,UAL,['S&P 500']
2298,UBA,['Russell 2000']
2299,UBSI,['Russell 2000']
2300,UCBI,['Russell 2000']
2301,UCTT,['Russell 2000']
2302,UDMY,['Russell 2000']
2303,UDR,['S&P 500']
2304,UE,['Russell 2000']
2305,UEC,['Russell 2000']
2306,UEIC,['Russell 2000']
2307,UFCS,['Russell 2000']
2308,UFI,['Russell 2000']
2309,UFPI,['Russell 2000']
2310,UFPT,['Russell 2000']
2311,UHS,['S&P 500']
2312,UHT,['Russell 2000']
2313,UIS,['Russell 2000']
2314,ULCC,['Russell 2000']
2315,ULH,['Russell 2000']
2316,ULTA,['S&P 500']
2317,UMBF,['Russell 2000']
2318,UMH,['Russell 2000']
2319,UNF,['Russell 2000']
2320,UNFI,['Russell 2000']
2321,UNH,['S&P 500']
2322,UNIT,['Russell 2000']
2323,UNP,['S&P 500']
2324,UNTY,['Russell 2000']
2325,UONE,['Russell 2000']
2326,UONEK,['Russell 2000']
2327,UP,['Russell 2000']
2328,UPLD,['Russell 2000']
2329,UPS,['S&P 500']
2330,UPWK,['Russell 2000']
2331,URBN,['Russell 2000']
2332,URG,['Russell 2000']
2333,URI,['S&P 500']
2334,USB,['S&P 500']
2335,USCB,['Russell 2000']
2336,USER,['Russell 2000']
2337,USLM,['Russell 2000']
2338,USM,['Russell 2000']
2339,USNA,['Russell 2000']
2340,USPH,['Russell 2000']
2341,UTI,['Russell 2000']
2342,UTL,['Russell 2000']
2343,UTMD,['Russell 2000']
2344,UTZ,['Russell 2000']
2345,UUUU,['Russell 2000']
2346,UVE,['Russell 2000']
2347,UVSP,['Russell 2000']
2348,UVV,['Russell 2000']
2349,V,['S&P 500']
2350,VAL,['Russell 2000']
2351,VALU,['Russell 2000']
2352,VBIV,['Russell 2000']
2353,VBTX,['Russell 2000']
2354,VC,['Russell 2000']
2355,VCEL,['Russell 2000']
2356,VCSA,['Russell 2000']
2357,VCTR,['Russell 2000']
2358,VCYT,['Russell 2000']
2359,VEC,['Russell 2000']
2360,VECO,['Russell 2000']
2361,VEL,['Russell 2000']
2362,VERA,['Russell 2000']
2363,VERI,['Russell 2000']
2364,VERU,['Russell 2000']
2365,VERV,['Russell 2000']
2366,VFC,['S&P 500']
2367,VG,['Russell 2000']
2368,VGR,['Russell 2000']
2369,VHI,['Russell 2000']
2370,VIA,['Russell 2000']
2371,VIAV,['Russell 2000']
2372,VICI,['S&P 500']
2373,VICR,['Russell 2000']
2374,VIEW,['Russell 2000']
2375,VIR,['Russell 2000']
2376,VITL,['Russell 2000']
2377,VIVO,['Russell 2000']
2378,VLD,['Russell 2000']
2379,VLDR,['Russell 2000']
2380,VLGEA,['Russell 2000']
2381,VLO,['S&P 500']
2382,VLTA,['Russell 2000']
2383,VLY,['Russell 2000']
2384,VMC,['S&P 500']
2385,VMEO,['Russell 2000']
2386,VNDA,['Russell 2000']
2387,VNO,['S&P 500']
2388,VPG,['Russell 2000']
2389,VRAY,['Russell 2000']
2390,VRDN,['Russell 2000']
2391,VRE,['Russell 2000']
2392,VREX,['Russell 2000']
2393,VRNS,['Russell 2000']
2394,VRNT,['Russell 2000']
2395,VRRM,['Russell 2000']
2396,VRSK,"['S&P 500', 'Nasdaq 100']"
2397,VRSN,"['S&P 500', 'Nasdaq 100']"
2398,VRTS,['Russell 2000']
2399,VRTV,['Russell 2000']
2400,VRTX,"['S&P 500', 'Nasdaq 100']"
2401,VSEC,['Russell 2000']
2402,VSH,['Russell 2000']
2403,VSTO,['Russell 2000']
2404,VTGN,['Russell 2000']
2405,VTNR,['Russell 2000']
2406,VTOL,['Russell 2000']
2407,VTR,['S&P 500']
2408,VTRS,['S&P 500']
2409,VTYX,['Russell 2000']
2410,VUZI,['Russell 2000']
2411,VVI,['Russell 2000']
2412,VVNT,['Russell 2000']
2413,VWE,['Russell 2000']
2414,VXRT,['Russell 2000']
2415,VZ,['S&P 500']
2416,VZIO,['Russell 2000']
2417,WAB,['S&P 500']
2418,WABC,['Russell 2000']
2419,WAFD,['Russell 2000']
2420,WASH,['Russell 2000']
2421,WAT,['S&P 500']
2422,WBA,"['S&P 500', 'Nasdaq 100']"
2423,WBD,['S&P 500']
2424,WBT,['Russell 2000']
2425,WD,['Russell 2000']
2426,WDAY,['Nasdaq 100']
2427,WDC,['S&P 500']
2428,WDFC,['Russell 2000']
2429,WEAV,['Russell 2000']
2430,WEBR,['Russell 2000']
2431,WEC,['S&P 500']
2432,WEJO,['Russell 2000']
2433,WELL,['S&P 500']
2434,WERN,['Russell 2000']
2435,WETF,['Russell 2000']
2436,WEYS,['Russell 2000']
2437,WFC,['S&P 500']
2438,WFRD,['Russell 2000']
2439,WGO,['Russell 2000']
2440,WHD,['Russell 2000']
2441,WHR,['S&P 500']
2442,WINA,['Russell 2000']
2443,WING,['Russell 2000']
2444,WIRE,['Russell 2000']
2445,WISH,['Russell 2000']
2446,WK,['Russell 2000']
2447,WKHS,['Russell 2000']
2448,WLDN,['Russell 2000']
2449,WLL,['Russell 2000']
2450,WLY,['Russell 2000']
2451,WM,['S&P 500']
2452,WMB,['S&P 500']
2453,WMK,['Russell 2000']
2454,WMT,['S&P 500']
2455,WNC,['Russell 2000']
2456,WOR,['Russell 2000']
2457,WOW,['Russell 2000']
2458,WRB,['S&P 500']
2459,WRBY,['Russell 2000']
2460,WRE,['Russell 2000']
2461,WRK,['S&P 500']
2462,WRLD,['Russell 2000']
2463,WSBC,['Russell 2000']
2464,WSBF,['Russell 2000']
2465,WSFS,['Russell 2000']
2466,WSR,['Russell 2000']
2467,WST,['S&P 500']
2468,WTBA,['Russell 2000']
2469,WTI,['Russell 2000']
2470,WTS,['Russell 2000']
2471,WTTR,['Russell 2000']
2472,WTW,['S&P 500']
2473,WULF,['Russell 2000']
2474,WW,['Russell 2000']
2475,WWW,['Russell 2000']
2476,WY,['S&P 500']
2477,WYNN,['S&P 500']
2478,XEL,"['S&P 500', 'Nasdaq 100']"
2479,XERS,['Russell 2000']
2480,XHR,['Russell 2000']
2481,XMTR,['Russell 2000']
2482,XNCR,['Russell 2000']
2483,XOM,['S&P 500']
2484,XOS,['Russell 2000']
2485,XPEL,['Russell 2000']
2486,XPER,['Russell 2000']
2487,XPOF,['Russell 2000']
2488,XPRO,['Russell 2000']
2489,XRAY,['S&P 500']
2490,XRX,['Russell 2000']
2491,XXII,['Russell 2000']
2492,XYL,['S&P 500']
2493,YELP,['Russell 2000']
2494,YEXT,['Russell 2000']
2495,YMAB,['Russell 2000']
2496,YORW,['Russell 2000']
2497,YOU,['Russell 2000']
2498,YUM,['S&P 500']
2499,ZBH,['S&P 500']
2500,ZBRA,['S&P 500']
2501,ZD,['Russell 2000']
2502,ZETA,['Russell 2000']
2503,ZEUS,['Russell 2000']
2504,ZEV,['Russell 2000']
2505,ZGN,['Russell 2000']
2506,ZIMV,['Russell 2000']
2507,ZION,['S&P 500']
2508,ZIP,['Russell 2000']
2509,ZM,['Nasdaq 100']
2510,ZNTL,['Russell 2000']
2511,ZS,['Nasdaq 100']
2512,ZTS,['S&P 500']
2513,ZUMZ,['Russell 2000']
2514,ZUO,['Russell 2000']
2515,ZWS,['Russell 2000']
2516,ZYXI,['Russell 2000']
2517,^GSPC,['S&P 500']
2518,^RUT,['Russell 2000']
